1;1101;Løiten Linie;0,7;409,9;585,57;Akevitt;Basisutvalget;Butikkategori 3;0;0;0;0;0;Lys gyllen.;Aroma med preg av vanilje, sitrus og karve.;Preg av vanilje, sitrus og karve, innslag av karamell og fat. God fylde.;Storfe;;;Norge;Øvrige;Øvrige;0;Poteter, krydder;16 mnd på fat;41;4;Ukjent;;Arcus;Arcus Norway AS;Vectura AS;Glass;Skrukapsel;http://www.vinmonopolet.no/vareutvalg/varedetaljer/sku-1101;https://bilder.vinmonopolet.no/cache/300x300-0/1101-1.jpg
2;1201;Gilde Non Plus Ultra;0,7;609,9;871,29;Akevitt;Basisutvalget;Butikkategori 4;0;0;0;0;0;Middels dyp gyllengul;Aroma med fint preg av karve, sitrus og blomst over innslag av fat;Fint preg av karve, sitrus og integrert fat. God fylde og lengde;;;;Norge;Øvrige;Øvrige;0;Poteter, karve og øvrig krydder;Produsert av potetsprit som er blandet med krydderdestillater og - uttrekk, før tapping ble akevitten fatmodnet i 12 år;41;3;Ukjent;;Arcus;Arcus Norway AS;Vectura AS;Glass;Naturkork;http://www.vinmonopolet.no/vareutvalg/varedetaljer/sku-1201;https://bilder.vinmonopolet.no/cache/300x300-0/1201-1.jpg
3;1301;Aalborg Taffel Akvavit;0,7;339,9;485,57;Akevitt;Bestillingsutvalget;Uavhengig sortiment;0;0;0;0;0;Blank;Ren karve;Ren karve;Lam og sau;Småvilt og fugl;;Danmark;Øvrige;;0;;;45;5;Ukjent;;Arcus Denmark, Danske Spritfab;Arcus Norway AS;Vectura AS;Glass;Skrukapsel;http://www.vinmonopolet.no/vareutvalg/varedetaljer/sku-1301;
4;1302;Aalborg Taffel Akvavit;0,35;214,9;614;Akevitt;Bestillingsutvalget;Uavhengig sortiment;0;0;0;0;0;Blank;Ren karve;Ren karve;Lam og sau;Småvilt og fugl;;Danmark;Øvrige;;0;;;45;5;Ukjent;;Arcus Denmark, Danske Spritfab;Arcus Norway AS;Vectura AS;Glass;Skrukapsel;http://www.vinmonopolet.no/vareutvalg/varedetaljer/sku-1302;
5;1501;Løiten Export;0,7;394,9;564,14;Akevitt;Basisutvalget;Butikkategori 6;0;0;0;0;0;Lys gyllen.;Aroma preget av sitrus, karve og trekrydder.;Akevitt med middels fylde og preg av karve, sitrus og trekrydder.;Fisk;;;Norge;Øvrige;;0;Poteter, krydder;3-6 mnd på fat;40;8;Ukjent;;Arcus;Arcus Norway AS;Vectura AS;Glass;Skrukapsel;http://www.vinmonopolet.no/vareutvalg/varedetaljer/sku-1501;
6;1502;Løiten Export;0,5;289,9;579,8;Akevitt;Basisutvalget;Butikkategori 3;0;0;0;0;0;Lys gyllen.;Aroma preget av sitrus, karve og trekrydder.;Akevitt med middels fylde og preg av karve, sitrus og trekrydder.;Fisk;;;Norge;Øvrige;Øvrige;0;Poteter, krydder;3-6 mnd på fat;40;8;Ukjent;;Arcus;Arcus Norway AS;Vectura AS;Plastemballasje;Skrukapsel;http://www.vinmonopolet.no/vareutvalg/varedetaljer/sku-1502;
7;1801;Bommerlunder;0,7;339,9;485,57;Akevitt;Bestillingsutvalget;Uavhengig sortiment;0;0;0;0;0;Vannklar.;Sitrus, litt krydder og anis.;Ren, tørr, middels fyldig. Sitrus og anis.;;;;Tyskland;Øvrige;;0;;Original resept siden 1760.Produsert ved destillasjon.Utviklet på eikefat.;38;0;Ukjent;;Berentzen Dist.;Interbev AS;Skanlog As;Glass;;http://www.vinmonopolet.no/vareutvalg/varedetaljer/sku-1801;
8;2001;Graham's Late Bottled Vintage 2011;0,75;199,9;266,53;Portvin;Basisutvalget;Butikkategori 2;9;8;0;0;9;Mørk rød.;Sval og krydret aroma preget av modne mørke bær, litt urter, sjokolade og fat.;Rik, sødmefull og fint balansert. Fast, litt krydderpreget ettersmak.;Dessert, kake, frukt;;Ost;Portugal;Douro;Øvrige;2011;Touriga Nacional, Touriga Franca, Tinta Roriz, Tinta Barroca, Tinto Cão;Temperaturkontrollert gjæring i ståltanker. 4-5 års fatlagring.;20;101;4,4;Drikkeklar nå, men kan også lagres;Symington Family Est.;Stenberg & Blom AS;Cuveco AS;Glass;Naturkork;http://www.vinmonopolet.no/vareutvalg/varedetaljer/sku-2001;
9;2002;Graham's Late Bottled Vintage 2009/2011;0,38;119,9;319,73;Portvin;Basisutvalget;Butikkategori 6;8;8;0;0;8;Mørk rød.;Aroma preget av modne mørke bær, krydder og blomst, hint av sjokolade.;Litt utviklet og fint krydret stil. Fast ettersmak med god lengde. (2009);Dessert, kake, frukt;;Ost;Portugal;Douro;Øvrige;2011;Touriga Nacional, Touriga Franca, Tinta Roriz, Tinta Barroca, Tinto Cão;Temperaturkontrollert gjæring i ståltanker. 4-5 års fatlagring.;20;101;4,4;Drikkeklar nå, men kan også lagres;Symington Family Est.;Stenberg & Blom AS;Cuveco AS;Glass;Naturkork;http://www.vinmonopolet.no/vareutvalg/varedetaljer/sku-2002;
10;2004;Graham's Late Bottled Vintage 2011;0,2;69,9;349,5;Portvin;Bestillingsutvalget;Uavhengig sortiment;8;8;0;0;8;Mørk rød.;Aroma av røde bær og eukalyptus med hint av mynte og krydder.;Rik og sødmefull, krydderpreget ettersmak og god lengde.;Dessert, kake, frukt;Ost;Aperitiff/avec;Portugal;Douro;Øvrige;2011;Touriga Nacional 65%, Touriga Franca 10%, Tinta Roriz 10%, Tinta Barroca 10%, Tinto Cão 5%;Temperaturkontrollert gjæring i ståltanker. 4-5 års fatlagring.;20;101;4,4;Drikkeklar nå, men kan også lagres;Symington Family Est.;Stenberg & Blom AS;Cuveco AS;Glass;Skrukapsel;http://www.vinmonopolet.no/vareutvalg/varedetaljer/sku-2004;
11;2401;Brennevin Seksti;0,7;434,9;621,29;Vodka;Basisutvalget;Butikkategori 4;0;0;0;0;0;Vannklar.;Ren og nøytral aroma.;Ren og nøytral drikk med middels fylde.;;;;Norge;Øvrige;Øvrige;0;Landbruksetanol.;Destillasjon. Ingen lagring.;60;0;Ukjent;;Arcus;Arcus Norway AS;Vectura AS;Glass;Skrukapsel;http://www.vinmonopolet.no/vareutvalg/varedetaljer/sku-2401;
12;3501;Hammer;0,7;329,9;471,29;Vodka;Basisutvalget;Butikkategori 4;0;0;0;0;0;Vannklar;Ren og nøytral aroma.;Lett, ren og nøytral drikk.;;;;Norge;Øvrige;Øvrige;0;Landbruksetanol.;Destillasjon. Ingen lagring.;42;0;Ukjent;;Arcus;Arcus Norway AS;Vectura AS;Glass;Skrukapsel;http://www.vinmonopolet.no/vareutvalg/varedetaljer/sku-3501;
13;3502;Hammer;0,35;199,9;571,14;Vodka;Bestillingsutvalget;Uavhengig sortiment;0;0;0;0;0;Blank.;Ren nøytral aroma.;Ren nøytral smak.;;;;Norge;Øvrige;Øvrige;0;Landbruksetanol.;Destillasjon. Ingen lagring.;42;0;Ukjent;;Arcus;Arcus Norway AS;Vectura AS;Glass;Skrukapsel;http://www.vinmonopolet.no/vareutvalg/varedetaljer/sku-3502;
14;3801;Finlandia;0,7;319,9;457;Vodka;Bestillingsutvalget;Uavhengig sortiment;0;0;0;0;0;Blank.;Rund og nøytral aroma.;Rund, ren og nøytral smak.;;;;Finland;Øvrige;Øvrige;0;Korn;Kornet renses, males, blandes med vann og kokes. Deretter tilsettes gjær for å initiere alkohol-gjæringen.;37;0;Ukjent;;Altia Corp.;Interbev AS;Skanlog As;Glass;;http://www.vinmonopolet.no/vareutvalg/varedetaljer/sku-3801;
15;3803;Finlandia;0,05;64,9;1298;Vodka;Bestillingsutvalget;Uavhengig sortiment;0;0;0;0;0;Blank.;Rund og nøytral aroma.;Rund, ren og nøytral smak.;;;;Finland;Øvrige;Øvrige;0;Korn;Kornet renses, males, blandes med vann og kokes. Deretter tilsettes gjær for å initiere alkohol-gjæringen.;40;0;Ukjent;;Altia Corp.;Interbev AS;Skanlog As;Glass;;http://www.vinmonopolet.no/vareutvalg/varedetaljer/sku-3803;
16;3901;Absolut Vodka;0,7;319,9;457;Vodka;Basisutvalget;Butikkategori 6;0;0;0;0;0;Vannklar;Ren og nøytral aroma.;Lett, ren og nøytral drikk.;;;;Sverige;Øvrige;Øvrige;0;Hvete;Tradisjonell fermentering og destillasjon i kolonneapparat.;40;0;Ukjent;;The Absolut Company;Pernod Ricard Norway AS;Skanlog As;Glass;;http://www.vinmonopolet.no/vareutvalg/varedetaljer/sku-3901;
17;3902;Absolut Vodka;0,35;184,9;528,29;Vodka;Bestillingsutvalget;Uavhengig sortiment;0;0;0;0;0;Klar.;Subtil duft av hvete.;Rik, bløt og fyldig med utpreget karakter av korn.;;;;Sverige;Øvrige;Øvrige;0;100% Vinterhvete;Trad. fermentering og destillasjon i kolonneapparat, hvoretter råspriten rektifiseres. Ingen fatlagring eller flaskelagriing.;40;0;Ukjent;;The Absolut Company;Pernod Ricard Norway AS;Skanlog As;Glass;;http://www.vinmonopolet.no/vareutvalg/varedetaljer/sku-3902;
18;4401;Hammer Lime;0,7;339,9;485,57;Vodka;Basisutvalget;Butikkategori 6;0;0;0;0;0;Vannklar.;Aroma med tydelig preg av lime, hint av urter.;Lett og ren drikk med preg av lime. Tørr.;Aperitiff/avec;;;Norge;Øvrige;Øvrige;0;Landbruksetanol, limearoma.;Destillasjon. Ingen lagring.;42;20;Ukjent;;Arcus;Arcus Norway AS;Vectura AS;Glass;Skrukapsel;http://www.vinmonopolet.no/vareutvalg/varedetaljer/sku-4401;
19;4801;Absolut Citron;0,7;339,9;485,57;Vodka;Basisutvalget;Butikkategori 2;0;0;0;0;0;Vannklar.;Ren aroma med tydelig preg av sitron.;Lett og mild drikk med tydelig preg av sitron. Tørr.;;;;Sverige;Øvrige;Øvrige;0;100% Vinterhvete;Tradisjonell fermentering og destillasjon, hvoretter råspriten rektifiseres. Finspriten smaksettes med naturlige aromaer fra forskellige sitrusfrukter. Ingen fatlagring. Ingen flaskelagring.;40;0;Ukjent;;The Absolut Company;Pernod Ricard Norway AS;Skanlog As;Glass;;http://www.vinmonopolet.no/vareutvalg/varedetaljer/sku-4801;
20;4804;Absolut Citron;0,2;121,9;609,5;Vodka;Basisutvalget;Butikkategori 5;0;0;0;0;0;Vannklar.;Ren aroma med tydelig preg av sitron.;Lett og mild drikk med tydelig preg av sitron. Tørr.;;;;Sverige;Øvrige;Øvrige;0;100% Vinterhvete;Tradisjonell fermentering og destillasjon, hvoretter råspriten rektifiseres. Finspriten smaksettes med naturlige aromaer fra forskellige sitrusfrukter. Ingen fatlagring. Ingen flaskelagring.;40;0;Ukjent;;The Absolut Company;Pernod Ricard Norway AS;Skanlog As;Glass;Skrukapsel;http://www.vinmonopolet.no/vareutvalg/varedetaljer/sku-4804;
21;5401;Bache-Gabrielsen 3 kors;0,7;384,9;549,86;Druebrennevin;Bestillingsutvalget;Uavhengig sortiment;0;0;0;0;0;Dyp gul med brunskjær.;Aroma preget av vanilje, appelsin og litt urter.;Myk cognac med innslag av vanilje, sitrus og urter, fatpreget ettersmak. Middels fylde.;;;;Frankrike;Cognac Tradisjonell;Øvrige;0;Ugni Blanc;Tradisjonell dobbeldestillasjon. 3 - 5 års fatlagring.;40;0;Ukjent;;Bache-Gabrielsen;Vectura AS;Vectura AS;Glass;;http://www.vinmonopolet.no/vareutvalg/varedetaljer/sku-5401;
22;5402;Bache-Gabrielsen 3 kors;0,35;199,9;571,14;Druebrennevin;Bestillingsutvalget;Uavhengig sortiment;0;0;0;0;0;Dyp gul med brunskjær.;Aroma preget av vanilje, appelsin og litt urter.;Myk cognac med innslag av vanilje, sitrus og urter, fatpreget ettersmak. Middels fylde.;;;;Frankrike;Cognac Tradisjonell;Øvrige;0;Ugni Blanc 100%;Tradisjonell dobbeldestillasjon. 3 - 5 års fatlagring.;40;8;Ukjent;;Bache-Gabrielsen;Vectura AS;Vectura AS;Glass;;http://www.vinmonopolet.no/vareutvalg/varedetaljer/sku-5402;
23;5404;Bache-Gabrielsen 3 kors;0,2;159,9;799,5;Druebrennevin;Bestillingsutvalget;Uavhengig sortiment;0;0;0;0;0;Dyp gul med brunskjær.;Aroma preget av vanilje, appelsin og litt urter.;Myk cognac med innslag av vanilje, sitrus og urter, fatpreget ettersmak. Middels fylde.;;;;Frankrike;Cognac Tradisjonell;Øvrige;0;Ugni Blanc 100%;Tradisjonell dobbeldestillasjon. 3 - 5 års fatlagring.;40;8;Ukjent;;Bache-Gabrielsen;Vectura AS;Vectura AS;Glass;;http://www.vinmonopolet.no/vareutvalg/varedetaljer/sku-5404;
24;5701;Renault Carte Noire Extra Old;0,7;559,9;799,86;Druebrennevin;Basisutvalget;Butikkategori 6;0;0;0;0;0;Middels dyp gulbrun.;Fatpreget aroma med innslag av urter og tørket frukt.;Lagret og fatpreget Cognac med god fylde og preg av urter og tørket frukt.;;;;Frankrike;Cognac Tradisjonell;;0;;Lagret 12 år på eikefat.;40;0;Ukjent;;Renault;Altia Norway AS;Skanlog As;Glass;;http://www.vinmonopolet.no/vareutvalg/varedetaljer/sku-5701;
25;6201;Baron Otard V.S.O.P. Fine Champagne;0,7;524,9;749,86;Druebrennevin;Basisutvalget;Butikkategori 6;0;0;0;0;0;Middels dyp gyllengul.;Aroma med fint preg av svale urter, fersken og tørket frukt over fat med vanilje.;Fint fokusert cognac med god fylde og integrert fatpreg. Frisk ettersmak med god lengde.;;;;Frankrike;Cognac Tradisjonell;Øvrige;0;Grande og Petit Champagne;Lagret opp til 8 år.;40;10;Ukjent;;Ch. de Cognac;Bacardi Norge AS;Vectura AS;Glass;Skrukapsel;http://www.vinmonopolet.no/vareutvalg/varedetaljer/sku-6201;
26;6301;Hennessy Very Special;0,7;449,9;642,71;Druebrennevin;Basisutvalget;Butikkategori 4;0;0;0;0;0;Dyp brungul.;Aroma med preg av tørket frukt og fat med vanilje.;Rund cognac med god fylde og innslag av tørket frukt og fat med vanilje.;;;;Frankrike;Cognac Tradisjonell;Øvrige;0;Ugni Blanc (fra Petite Champagne, Grande Champagne, Fins Bois og Borderies).;Dobbel destillering. Minimum 36 måneder fatlagring.;40;0;Ukjent;;Hennessy;Moët Hennessy Norge AS;Skanlog As;Glass;;http://www.vinmonopolet.no/vareutvalg/varedetaljer/sku-6301;
27;6302;Hennessy Very Special;0,35;269,9;771,14;Druebrennevin;Basisutvalget;Butikkategori 6;0;0;0;0;0;Dyp brungul.;Aroma med preg av tørket frukt og fat med vanilje.;Rund cognac med god fylde og innslag av tørket frukt og fat med vanilje.;;;;Frankrike;Cognac Tradisjonell;Øvrige;0;Ugni Blanc (fra Petite Champagne, Grande Champagne, Fins Bois og Borderies).;Dobbel destilleringMin. 36 md fatlagring;40;0;Ukjent;;Hennessy;Moët Hennessy Norge AS;Skanlog As;Glass;;http://www.vinmonopolet.no/vareutvalg/varedetaljer/sku-6302;
28;6401;Janneau Grand Armagnac VSOP;0,7;499,9;714,14;Druebrennevin;Bestillingsutvalget;Uavhengig sortiment;0;0;0;0;0;Gylden brun.;Plommer og sterk lukt av vanilje.;Vanilje, lakris og svisker.;Aperitiff/avec;;;Frankrike;Armagnac;Øvrige;0;Ugni Blanc 60%;Tradisjonell produksjon. Min. 84 md. fatlagring.;40;4;Ukjent;;Janneau;Interbev AS;Skanlog As;Glass;;http://www.vinmonopolet.no/vareutvalg/varedetaljer/sku-6401;
29;6501;Larsen Very Special Vikings';0,7;399,9;571,29;Druebrennevin;Basisutvalget;Butikkategori 4;0;0;0;0;0;Middels dyp brungul.;Aroma med innslag av krydder og urter, hint av tørket sitrus.;Cognac med middels fylde og innslag av krydder, urter og sitrus.;;;;Frankrike;Cognac Tradisjonell;Øvrige;0;Ugni Blanc;Tradisjonell produksjon.;40;12;Ukjent;;Larsen;Altia Norway AS;Skanlog As;Glass;;http://www.vinmonopolet.no/vareutvalg/varedetaljer/sku-6501;
30;6502;Larsen Very Special Vikings';0,35;239,9;685,43;Druebrennevin;Basisutvalget;Butikkategori 6;0;0;0;0;0;Middels dyp brungul.;Aroma med innslag av krydder og urter, hint av tørket sitrus.;Cognac med middels fylde og innslag av krydder, urter og sitrus.;;;;Frankrike;Cognac Tradisjonell;Øvrige;0;Ugni Blanc;Tradisjonell produksjon.;40;12;Ukjent;;Larsen;Altia Norway AS;Skanlog As;Glass;;http://www.vinmonopolet.no/vareutvalg/varedetaljer/sku-6502;
31;6801;Ch. Fontpinot X.O.;0,7;899,9;1285,57;Druebrennevin;Bestillingsutvalget;Uavhengig sortiment;0;0;0;0;0;Dyp rødbrun.;Fyldig, rik, modne aprikos- og plommetoner.;Lang, mineralsk smak med innslag av mørk sjokolade og urter.;Aperitiff/avec;;;Frankrike;Cognac Brut;Grande Champagne;0;Ugni Blanc 100%;;41;11;Ukjent;;Frapin;Nordic Cellars AS;Skanlog As;Glass;Naturkork;http://www.vinmonopolet.no/vareutvalg/varedetaljer/sku-6801;
32;6901;Hennessy X.O.;0,7;1399,9;1999,86;Druebrennevin;Bestillingsutvalget;Uavhengig sortiment;0;0;0;0;0;;;;;;;Frankrike;Cognac Tradisjonell;Øvrige;0;Ugni Blanc 100%;Tradisjonell dobbeltdestillasjon i alambicMin. 6 års fatlagring (enkelte elementer er fatlagret i opptil 100 år);40;10;Ukjent;;Hennessy;Moët Hennessy Norge AS;Skanlog As;Glass;;http://www.vinmonopolet.no/vareutvalg/varedetaljer/sku-6901;
33;6902;Hennessy X.O.;0,35;749,9;2142,57;Druebrennevin;Bestillingsutvalget;Uavhengig sortiment;0;0;0;0;0;;;;;;;Frankrike;Cognac Tradisjonell;Øvrige;0;Ugni Blanc 100%;Tradisjonell dobbeltdestillasjon i alambicMin. 6 års fatlagring (enkelte elementer er fatlagret i opptil 100 år);40;10;Ukjent;;Hennessy;Moët Hennessy Norge AS;Skanlog As;Glass;;http://www.vinmonopolet.no/vareutvalg/varedetaljer/sku-6902;
34;7001;Courvoisier V.S.;0,7;399,9;571,29;Druebrennevin;Basisutvalget;Butikkategori 6;0;0;0;0;0;Middels dyp brungyllen.;Aroma med preg av rosin, vanilje og litt urter.;Middels fyldig Cognac med preg av rosin og vanilje.;;;;Frankrike;Cognac Tradisjonell;Øvrige;0;99% Ugni Blanc.;5-8 år gammel, hovedsaklig fra fins bois samt noe petite champagne. Tradisjonell produksjon, destillert 2 ganger. Lagret på franske eikefat.;40;7;Ukjent;;Courvoisier;Edrington Norway AS;Vectura AS;Glass;;http://www.vinmonopolet.no/vareutvalg/varedetaljer/sku-7001;
35;7101;De Luze V.S.;0,7;389,9;557;Druebrennevin;Basisutvalget;Butikkategori 5;0;0;0;0;0;Middels dyp brungul.;Aroma med preg av aprikos og vanilje, streif av lakk.;Middels fyldig Cognac med preg av aprikos og vanilje, innslag av krydder i ettersmaken.;;;;Frankrike;Cognac Tradisjonell;Øvrige;0;Ugni Blanc.;Pot still destillasjon.;40;0;Ukjent;;De Luze;Engelstad Spirits AS;Cuveco AS;Glass;;http://www.vinmonopolet.no/vareutvalg/varedetaljer/sku-7101;
36;7102;De Luze V.S.;0,35;219,9;628,29;Druebrennevin;Bestillingsutvalget;Uavhengig sortiment;0;0;0;0;0;;;;;;;Frankrike;Cognac Tradisjonell;Øvrige;0;90% Ugni Blanc - Folle Blanche - Colombard. 10% JuranconBlanc-Semillon-Sauvignon-Blanc Rame.;Pot still destillasjon.Min. 30 mnd. lagring på eikefat.;40;12;Ukjent;;De Luze;Engelstad Spirits AS;Cuveco AS;Glass;;http://www.vinmonopolet.no/vareutvalg/varedetaljer/sku-7102;
37;7501;Martell V.S.;0,7;409,9;585,57;Druebrennevin;Basisutvalget;Butikkategori 6;0;0;0;0;0;Dyp brunoransje.;Aroma med preg av tørket frukt og krydder over toner av fat.;Preg av tørket frukt, litt krydder og fat, hint av karamell. God fylde.;;;;Frankrike;Cognac Tradisjonell;Øvrige;0;Ugni Blanc 100%;Druene presses forsiktig uten at stener og skinn knuses.;40;6;Ukjent;;Martell & Co;Pernod Ricard Norway AS;Skanlog As;Glass;;http://www.vinmonopolet.no/vareutvalg/varedetaljer/sku-7501;
38;7502;Martell V.S.;0,35;234,9;671,14;Druebrennevin;Bestillingsutvalget;Uavhengig sortiment;0;0;0;0;0;Middels gyllen, rødbrun.;Krystallisert frukt. Quince, rosiner, plommer og hint av eik.;Smak av krystalliserte frukter, rund og kompleks.;;;;Frankrike;Cognac Tradisjonell;Øvrige;0;Ugni Blanc 100%;Forsiktig pressing. Mosten gjæres 4-5 dg. Malolaktisk gjæring før destillering to ganger. 96-108 md. lagring på eikefat.;40;6;Ukjent;;Martell & Co;Pernod Ricard Norway AS;Skanlog As;Glass;;http://www.vinmonopolet.no/vareutvalg/varedetaljer/sku-7502;
39;7701;Rémy Martin V.S.O.P. Fine Champagne;0,7;524,9;749,86;Druebrennevin;Basisutvalget;Butikkategori 6;0;0;0;0;0;Dyp rødbrun.;Aroma preget av tørket frukt, aprikos og urter over fat, vanilje og litt lakk.;Bløt cognac med god fylde. Ettersmak med god friskhet og lengde.;;;;Frankrike;Cognac Tradisjonell;Øvrige;0;Ugni Blanc, Folle Blanche og Colombard.;;40;10;Ukjent;;Rémy Martin;Robert Prizelius AS;Vectura AS;Glass;;http://www.vinmonopolet.no/vareutvalg/varedetaljer/sku-7701;
40;7901;Hennessy V.S.O.P.;0,7;549,9;785,57;Druebrennevin;Bestillingsutvalget;Uavhengig sortiment;0;0;0;0;0;;;;;;;Frankrike;Cognac Tradisjonell;Øvrige;0;Ugni Blanc 100%;Grunnvinen presses pneumatisk og klares før gjæringsprosessen,;40;9;Ukjent;;Hennessy;Moët Hennessy Norge AS;Skanlog As;Glass;;http://www.vinmonopolet.no/vareutvalg/varedetaljer/sku-7901;
41;8001;Martell Medaillon V.S.O.P.;0,7;505;721,43;Druebrennevin;Bestillingsutvalget;Uavhengig sortiment;0;0;0;0;0;Middels gylden, rødbrun.;Duft av drue, eik og snev av vanilje.;Elegant, fruktig og rund, fyldig med lang ettersmak.;;;;Frankrike;Cognac Tradisjonell;Øvrige;0;Ugni Blanc 100%;Druene presses forsiktig uten at stener og stilker knuses. Mosten gjæres naturlig i fire-fem dager. Etter dette går vinen gjennom;40;5;Ukjent;;Martell & Co;Pernod Ricard Norway AS;Skanlog As;Glass;;http://www.vinmonopolet.no/vareutvalg/varedetaljer/sku-8001;
42;8801;Martell Cordon Bleu;0,7;895;1278,57;Druebrennevin;Basisutvalget;Butikkategori 6;0;0;0;0;0;Dyp gyllenbrun.;Aroma preget av svale urter og tørket frukt over fint integrert fat, hint av vanije.;Bløt og rik cognac med fint preg av tørket frukt og fat, lang ettersmak. God fylde.;;;;Frankrike;Cognac Tradisjonell;Øvrige;0;Ugni Blanc 100%;Tradisjonell dobbeltdestillasjon i alambic, 30-35 års lagring i fat (340 ltr) fra Troncais.;40;8;Ukjent;;Martell & Co;Premium Brands Norway AS;Skanlog As;Glass;Annet;http://www.vinmonopolet.no/vareutvalg/varedetaljer/sku-8801;
43;10701;Metaxa *****;0,7;364,9;521,29;Druebrennevin;Bestillingsutvalget;Uavhengig sortiment;0;0;0;0;0;;;;;;;Hellas;Øvrige;Øvrige;0;Druer.;;38;0;Ukjent;;O.S.C.;Robert Prizelius AS;Vectura AS;Glass;;http://www.vinmonopolet.no/vareutvalg/varedetaljer/sku-10701;
44;12001;Bell's Original;0,7;334,9;478,43;Whisky;Bestillingsutvalget;Uavhengig sortiment;0;0;0;0;0;Lys gyllen.;Aroma med preg av lyst malt, vanilje og litt røyk.;Lett og mild whisky med innslag av malt og krydder, streif av vanilje og røyk.;;;;Skottland;Øvrige;Øvrige;0;;;40;0;Ukjent;;Bell's Dist.;Diageo Norway AS;Skanlog As;Glass;;http://www.vinmonopolet.no/vareutvalg/varedetaljer/sku-12001;
45;12002;Bell's Original;0,35;189,9;542,57;Whisky;Basisutvalget;Butikkategori 3;0;0;0;0;0;Lys gyllen.;Aroma med preg av lyst malt, vanilje og litt røyk.;Lett og mild whisky med innslag av malt og krydder, streif av vanilje og røyk.;;;;Skottland;Øvrige;Øvrige;0;Hvete.;;40;0;Ukjent;;Bell's Dist.;Diageo Norway AS;Skanlog As;Glass;;http://www.vinmonopolet.no/vareutvalg/varedetaljer/sku-12002;
46;12101;Peter Dawson Special;0,7;304,9;435,57;Whisky;Basisutvalget;Butikkategori 1;0;0;0;0;0;Brungyllen.;Aroma preget av korn og litt torvrøyk.;Lett og kornpreget whisky med innslag av røyk og torv.;;;;Skottland;Øvrige;Øvrige;0;;;40;0;Ukjent;;Peter Dawson;Diageo Norway AS;Skanlog As;Glass;;http://www.vinmonopolet.no/vareutvalg/varedetaljer/sku-12101;
47;12102;Peter Dawson Special;0,35;174,9;499,71;Whisky;Basisutvalget;Butikkategori 5;0;0;0;0;0;Brungyllen.;Aroma preget av korn og litt torvrøyk.;Lett og kornpreget whisky med innslag av røyk og torv.;;;;Skottland;Øvrige;Øvrige;0;;;40;0;Ukjent;;Peter Dawson;Diageo Norway AS;Skanlog As;Glass;;http://www.vinmonopolet.no/vareutvalg/varedetaljer/sku-12102;
48;12201;Inverness Cream;0,7;299,9;428,43;Whisky;Basisutvalget;Butikkategori 3;0;0;0;0;0;Lys gyllen.;Aroma med preg av korn og malt, innslag av torvrøyk og karamell.;Ung whisky med middels fylde og preg av korn, litt karamell og torvrøyk.;;;;Skottland;Øvrige;Øvrige;0;Bygg, Mais, Vann, Gjær.;Lagret 3 år på eikefat.;40;0;Ukjent;;Bonfield Blenders;Cork Wines & Spirits AS;Cuveco AS;Glass;;http://www.vinmonopolet.no/vareutvalg/varedetaljer/sku-12201;
49;12202;Inverness Cream;0,35;169,9;485,43;Whisky;Basisutvalget;Butikkategori 6;0;0;0;0;0;Lys gyllen.;Aroma med preg av korn og malt, innslag av torvrøyk og karamell.;Ung whisky med middels fylde og preg av korn, litt karamell og torvrøyk.;;;;Skottland;Øvrige;Øvrige;0;Bygg, Mais, Vann, Gjær.;Lagret 3 år på eikefat.;40;0;Ukjent;;Bonfield Blenders;Cork Wines & Spirits AS;Cuveco AS;Glass;;http://www.vinmonopolet.no/vareutvalg/varedetaljer/sku-12202;
50;12401;The Famous Grouse;0,7;359,9;514,14;Whisky;Bestillingsutvalget;Uavhengig sortiment;0;0;0;0;0;Gyllen.;Aroma med fint preg av malt, litt krydder, vanilje og røyk.;Whisky med middels fylde og fint preg av malt. Ettersmak med god lengde.;;;;Skottland;Øvrige;Øvrige;0;Korn.;Destillert sprit. Lagret mer enn 60 måneder på eikefat.;40;0;Ukjent;;Highland Dist.;Edrington Norway AS;Vectura AS;Glass;;http://www.vinmonopolet.no/vareutvalg/varedetaljer/sku-12401;
51;12402;The Famous Grouse;0,35;199,9;571,14;Whisky;Bestillingsutvalget;Uavhengig sortiment;0;0;0;0;0;Gyllenbrun.;Malt, tydelig eik, innslag av sherry og sitrus.;Moden frukt, malt, lynghonning og crème brûlée.;;;;Skottland;Øvrige;Øvrige;0;Korn;Destillert sprit. Mer enn 60 md. på eikefat.;40;0;Ukjent;;Highland Dist.;Edrington Norway AS;Vectura AS;Glass;Skrukapsel;http://www.vinmonopolet.no/vareutvalg/varedetaljer/sku-12402;
52;12403;The Famous Grouse;0,05;39,9;798;Whisky;Bestillingsutvalget;Uavhengig sortiment;0;0;0;0;0;Gyllen.;Aroma med fint preg av malt, litt krydder, vanilje og røyk.;Whisky med middels fylde og fint preg av malt. Ettersmak med god lengde.;;;;Skottland;Øvrige;Øvrige;0;Korn.;Destillert sprit.Mer enn 60 mnd. på eikefat.;40;0;Ukjent;;Highland Dist.;Edrington Norway AS;Vectura AS;Glass;;http://www.vinmonopolet.no/vareutvalg/varedetaljer/sku-12403;
53;12701;Highland Park Single Malt 12 Years Old;0,7;499,9;714,14;Whisky;Basisutvalget;Butikkategori 3;0;0;0;0;0;Dyp gyllen.;Aroma preget av malt, innslag av torv og lyng.;Kompleks whisky med god fylde og preg av malt, torv og lyng. God lengde.;;;;Skottland;Orkney Island;Øvrige;0;Korn.;Destillert sprit. Lagret mer enn 150 måneder på eikefat.;40;0;Ukjent;;Highland Dist.;Edrington Norway AS;Vectura AS;Glass;;http://www.vinmonopolet.no/vareutvalg/varedetaljer/sku-12701;
54;12901;The Glenlivet Single Malt 12 Years Old;0,7;479,5;685;Whisky;Basisutvalget;Butikkategori 3;0;0;0;0;0;Lys gyllen.;Fruktig aroma med innslag av malt og vanilje, hint av torv.;Fruktig whisky med middel fylde og preg av malt, vanilje og torv.;;;;Skottland;Speyside;Øvrige;0;100% maltet bygg.;Destilleres to ganger i tradisjonelle pot stills nøyaktig som for 150 år siden. 144 måneder lagring på eikefat.;40;0;Ukjent;;Chivas Brothers;Pernod Ricard Norway AS;Skanlog As;Glass;;http://www.vinmonopolet.no/vareutvalg/varedetaljer/sku-12901;
55;13601;Ballantine's Finest;0,7;369,9;528,43;Whisky;Basisutvalget;Butikkategori 4;0;0;0;0;0;Lys gyllen.;Aroma med preg av malt og tre, hint av vanilje og karamell.;Bløt whisky med middels fylde og preg av lyst malt, vanilje og karamell.;;;;Skottland;Øvrige;Øvrige;0;Grain, malt.;En blanding av over 40 ulike malt whisky's og 5-6 ulike grains whiskys. Destillert to ganger. Lagret 6-8 år på fat.;40;0;Ukjent;;Chivas Brothers;Pernod Ricard Norway AS;Skanlog As;Glass;;http://www.vinmonopolet.no/vareutvalg/varedetaljer/sku-13601;
56;13602;Ballantine's Finest;0,35;209,9;599,71;Whisky;Bestillingsutvalget;Uavhengig sortiment;0;0;0;0;0;Ravfarget.;Tørr og krydret duft med stor kompleksitet.;Middels røkt med diskret sødme.;;;;Skottland;Øvrige;Øvrige;0;Korn, malt.;En blanding av over 40 ulike malt whiskys og 5-6 ulike grains whiskys. Destillert to ganger. Lagret 6-8 år på fat.;40;0;Ukjent;;Chivas Brothers;Pernod Ricard Norway AS;Skanlog As;Glass;;http://www.vinmonopolet.no/vareutvalg/varedetaljer/sku-13602;
57;13901;Cutty Sark;0,7;369,9;528,43;Whisky;Bestillingsutvalget;Uavhengig sortiment;0;0;0;0;0;Middels dyp gyllen.;Korn og litt vanilje.;Lett. Korn- og maltpreg.;;;;Skottland;Øvrige;Øvrige;0;Bygg;Tradisjonell fremstilling i pot stills og kolonneapparater, maltwhisky- andelen kommer hovedsakelig fra Speyside. Lagringen har foregått i amerikanske eikefat og tidligere brukte sherry-fat fra oloros;40;0;Ukjent;;Berry Bros. & Rudd;Edrington Norway AS;Vectura AS;Glass;;http://www.vinmonopolet.no/vareutvalg/varedetaljer/sku-13901;
58;14201;Grant's Family Reserve;0,7;369,8;528,29;Whisky;Basisutvalget;Butikkategori 5;0;0;0;0;0;Lys gyllen.;Litt kornpreget aroma med innslag av frukt og røyk.;Lett whisky med preg av korn, frukt og litt røyk.;;;;Skottland;Speyside;Øvrige;0;Maltwhisky og grain whisky.;Forskjellige maltwhiskyer blandes med grain whisky for å oppnå den ønskede smak. Min. 36 md. på eikefat.;40;0;Ukjent;;William Grant & Sons;Robert Prizelius AS;Vectura AS;Glass;;http://www.vinmonopolet.no/vareutvalg/varedetaljer/sku-14201;
59;14401;Frangelico;0,7;259,9;371,29;Likør;Bestillingsutvalget;Uavhengig sortiment;0;0;0;0;0;;;;;;;Italia;Øvrige;;0;Nøytralt brennevin, hasselnøttekstrakt.;;20;252;Ukjent;;Giorgio Barbero;Robert Prizelius AS;Vectura AS;Glass;;http://www.vinmonopolet.no/vareutvalg/varedetaljer/sku-14401;
60;14501;Johnnie Walker Red Label;0,7;359,9;514,14;Whisky;Bestillingsutvalget;Uavhengig sortiment;0;0;0;0;0;Gyllen.;Aroma med preg av malt, litt røyk og karamell.;Whisky med middels fylde og preg av malt, litt røyk og krydder.;;;;Skottland;Øvrige;Øvrige;0;Maltet korn;;40;0;Ukjent;;United Dist.;Diageo Norway AS;Skanlog As;Glass;;http://www.vinmonopolet.no/vareutvalg/varedetaljer/sku-14501;
61;14601;Jack Daniel's Tennessee;0,7;399,9;571,29;Whisky;Basisutvalget;Butikkategori 1;0;0;0;0;0;Dyp gyllen.;Aroma med tydelig preg av brente fat, kokos, vanilje og litt lakk.;Whiskey med god fylde og preg av brente fat, vanilje og kokos.;;;;USA;Tennessee;Øvrige;0;Mais, Rug, Bygg.;;40;0;Ukjent;;Brown-Forman;Interbev AS;Skanlog As;Glass;;http://www.vinmonopolet.no/vareutvalg/varedetaljer/sku-14601;
62;14602;Jack Daniel's Tennessee;0,35;234,9;671,14;Whisky;Bestillingsutvalget;Uavhengig sortiment;0;0;0;0;0;Dyp gyllen.;Aroma med tydelig preg av brente fat, kokos, vanilje og litt lakk.;Whiskey med god fylde og preg av brente fat, vanilje og kokos.;;;;USA;Tennessee;Øvrige;0;Mais, Rug, Bygg.;;40;0;Ukjent;;Brown-Forman;Interbev AS;Skanlog As;Glass;;http://www.vinmonopolet.no/vareutvalg/varedetaljer/sku-14602;
63;14607;Jack Daniel's Tennessee;3;1699,9;566,63;Whisky;Bestillingsutvalget;Uavhengig sortiment;0;0;0;0;0;;;;;;;USA;Tennessee;Øvrige;0;Mais, Rug, Bygg.;;40;0;Ukjent;;Brown-Forman;Interbev AS;Skanlog As;Glass;;http://www.vinmonopolet.no/vareutvalg/varedetaljer/sku-14607;
64;14701;Long John;0,7;344,9;492,71;Whisky;Bestillingsutvalget;Uavhengig sortiment;0;0;0;0;0;Ravfarget.;Krydret duft med stor kompleksitet.;Fruktig med en anelse røyk. Velbalansert med toner av tørket frukt.;;;;Skottland;Øvrige;Øvrige;0;Bygg, mais;Tradisjonell. Min. 3 år fatlgring.;40;0;Ukjent;;Chivas Brothers;Pernod Ricard Norway AS;Skanlog As;Glass;;http://www.vinmonopolet.no/vareutvalg/varedetaljer/sku-14701;
65;15001;Teacher's Highland Cream;0,7;329,9;471,29;Whisky;Bestillingsutvalget;Uavhengig sortiment;0;0;0;0;0;Lys gyllen.;Aroma med preg av malt og litt urter, torv og karamell.;Whisky med middels fylde og preg av malt, litt torvrøyk og karamell.;;;;Skottland;Øvrige;Øvrige;0;Grain, malt.;En blanding av over 30 ulike malt whisky's og 5-6 ulike grain whisky's. Destillert to ganger. Lagret 6-8 år på fat.;40;0;Ukjent;;Beam Global;Edrington Norway AS;Vectura AS;Glass;;http://www.vinmonopolet.no/vareutvalg/varedetaljer/sku-15001;
66;15301;J & B Rare;0,7;339,9;485,57;Whisky;Basisutvalget;Butikkategori 6;0;0;0;0;0;Middels dyp gyllengul.;Aroma med preg av korn og lyst malt, innslag av pære og rosin, moderat røykpreg.;Mild whisky med middels fylde, preg av lyst malt og korn.;;;;Skottland;Øvrige;;0;;;40;0;Ukjent;;Justerini & Brooks;Diageo Norway AS;Skanlog As;Glass;;http://www.vinmonopolet.no/vareutvalg/varedetaljer/sku-15301;
67;15901;Johnnie Walker Black Label;0,7;429,9;614,14;Whisky;Basisutvalget;Butikkategori 5;0;0;0;0;0;Gyllen.;Sammensatt aroma preget av malt, torvrøyk og krydder.;Whisky med middels fylde og fint preg av malt og torvrøyk. Ettersmak med god lengde.;;;;Skottland;Øvrige;Øvrige;0;;;40;0;Ukjent;;John Walker & Sons;Diageo Norway AS;Skanlog As;Glass;;http://www.vinmonopolet.no/vareutvalg/varedetaljer/sku-15901;
68;16101;Chivas Regal 12 Years Old;0,7;475;678,57;Whisky;Basisutvalget;Butikkategori 5;0;0;0;0;0;Middels dyp brungul.;Aroma preget av lett brent fat, gyllent malt og litt tørket frukt, innslag av torvrøyk.;Bløt whisky med god fylde og preg av fat, røyk og tørket frukt. God lengde.;;;;Skottland;Øvrige;Øvrige;0;Malt og grainwhisky;Tradisjonell produksjon. 144 md. lagring på eikefat.;40;0;Ukjent;;Chivas Brothers;Pernod Ricard Norway AS;Skanlog As;Glass;;http://www.vinmonopolet.no/vareutvalg/varedetaljer/sku-16101;
69;16201;Jameson;0,7;385,9;551,29;Whisky;Basisutvalget;Butikkategori 6;0;0;0;0;0;Gyllen.;Aroma med preg av korn og litt sitrus, hint av vanilje og karamell.;Whiskey med middels fylde og preg av korn, sitrus og litt vanilje.;;;;Irland;Øvrige;Øvrige;0;Korn;Destillert 3 ganger. Destilleres i Pot Still og lagres 6 - 7 år på gamle sherry - og bourbonfat.;40;0;Ukjent;;Irish Dist.;Pernod Ricard Norway AS;Skanlog As;Glass;;http://www.vinmonopolet.no/vareutvalg/varedetaljer/sku-16201;
70;16202;Jameson;0,35;204,9;585,43;Whisky;Bestillingsutvalget;Uavhengig sortiment;0;0;0;0;0;Ravfarget.;Lett blomstrete duft med innslag av krydder og litt sødme.;Fin balanse mellom krydder, nøtter og vanilje med hint av kirsebær.;;;;Irland;Øvrige;Øvrige;0;Bygg.;Destillert tre ganger. Under maltingen blir bygget tørket i lukkede rom(Kiln) som holder den torvpregede røyken borte.;40;0;Ukjent;;Irish Dist.;Pernod Ricard Norway AS;Skanlog As;Glass;;http://www.vinmonopolet.no/vareutvalg/varedetaljer/sku-16202;
71;16207;Jameson;4,5;2330;517,78;Whisky;Bestillingsutvalget;Uavhengig sortiment;0;0;0;0;0;Ravfarget.;Lett blomstrete duft med innslag av krydder og litt sødme.;Fin balanse mellom krydder, nøtter og vanilje med hint av kirsebær.;;;;Irland;Øvrige;Øvrige;0;Bygg.;Destillert tre ganger. Under maltingen blir bygget tørket i lukkede rom(Kiln) som holder den torvpregede røyken borte.;40;0;Ukjent;;Irish Dist.;Pernod Ricard Norway AS;Skanlog As;Glass;;http://www.vinmonopolet.no/vareutvalg/varedetaljer/sku-16207;
72;16501;Four Roses Bourbon;0,7;364,9;521,29;Whisky;Basisutvalget;Butikkategori 6;0;0;0;0;0;Middels dyp brungul.;Aroma preget av brent fat med kokos, innslag av sitrus og tørkete frukter.;Bløt whiskey med god fylde og preg av fat og tørket frukt. Ettersmak med god lengde.;;;;USA;Øvrige;Øvrige;0;10% Bygg, 90% mais.;Sourmash benyttes i fremstillingen. Lagret 72 md. på eikefat.;40;0;Ukjent;;Four Roses Dist.;Pernod Ricard Norway AS;Skanlog As;Glass;;http://www.vinmonopolet.no/vareutvalg/varedetaljer/sku-16501;
73;16601;Jim Beam Kentucky;0,7;349,9;499,86;Whisky;Basisutvalget;Butikkategori 3;0;0;0;0;0;Dyp gyllen.;Aromatisk og urtepreget, innslag av brente fat og lakk.;Whiskey med god fylde og preg av brente fat og litt lakk.;;;;USA;Øvrige;;0;;;40;0;Ukjent;;JBB;Edrington Norway AS;Vectura AS;Glass;;http://www.vinmonopolet.no/vareutvalg/varedetaljer/sku-16601;
74;16602;Jim Beam Kentucky;0,35;209,9;599,71;Whisky;Bestillingsutvalget;Uavhengig sortiment;0;0;0;0;0;Gyllen mahogny.;Fruktig duft med sødme og fatkarakter.;Blomsteraktig, fruktig med sødme og tydelig bourbon karakter.;;;;USA;Kentucky;;0;Mais, rug og byggmalt.;;40;5;Ukjent;;JBB;Edrington Norway AS;Vectura AS;Glass;;http://www.vinmonopolet.no/vareutvalg/varedetaljer/sku-16602;
75;17001;Canadian Club;0,7;364,9;521,29;Whisky;Bestillingsutvalget;Uavhengig sortiment;0;0;0;0;0;Lys gul.;Fruktig og myk aroma.;Mild med toner av vanilje og honning.;;;;Canada;Øvrige;;0;Rug, mais, hvete;Minimum 3 og opptil 8 år gammel, lagret på eikefat. Blanding av alle tre komponenter blir gjort før lagring.;40;0;Ukjent;;Beam Global;Edrington Norway AS;Vectura AS;Glass;Skrukapsel;http://www.vinmonopolet.no/vareutvalg/varedetaljer/sku-17001;
76;17702;Bokma Oude Friesche;0,5;264,9;529,8;Genever;Bestillingsutvalget;Uavhengig sortiment;0;0;0;0;0;Lys gul.;Aroma preget av lyst malt, hint av sitrus, anis og einerbær.;Bløt genever med middels fylde. Tørr.;;;;Nederland;Øvrige;;0;;;38;0;Ukjent;;Bokma Distillateurs;Edrington Norway AS;Vectura AS;Glass;;http://www.vinmonopolet.no/vareutvalg/varedetaljer/sku-17702;
77;18601;Galliano;0,7;349,9;499,86;Likør;Bestillingsutvalget;Uavhengig sortiment;0;0;0;0;0;Mørk gul.;Søte krydderurter samt anis og vanilje.;Bittersøt appelsin med innslag av eukalyptus, mynte, vanilje og anis.;;;;Italia;Øvrige;Øvrige;0;;Destillering og bløting av urter/planter. Blanding av ingrediensene. Filtrering og tapping. 24 md. flaskemodning før salg.;30;230;Ukjent;;Bols;Edrington Norway AS;Vectura AS;Glass;Skrukapsel;http://www.vinmonopolet.no/vareutvalg/varedetaljer/sku-18601;
78;18602;Galliano;0,35;179,9;514;Likør;Bestillingsutvalget;Uavhengig sortiment;0;0;0;0;0;Middels dyp gul.;Aroma med preg av vanilje og sitrus.;Søt likør med middels fylde og preg av vanilje og sitrus.;;;;Italia;Øvrige;;0;;Destillering og bløting av urter/planter. Blanding av ingrediensene. Filtrering og tapping. 24 md. flaskemodning før salg.;30;230;Ukjent;;Bols;Edrington Norway AS;Vectura AS;Glass;;http://www.vinmonopolet.no/vareutvalg/varedetaljer/sku-18602;
79;18701;Beefeater London Dry;0,7;354,9;507;Gin;Bestillingsutvalget;Uavhengig sortiment;0;0;0;0;0;Vannklar.;Aroma preget av einerbær og litt sitrus.;Middels fyldig og ren gin med tydelig einerbærkarakter.;;;;England;Øvrige;Øvrige;0;Korn, enebær, koriander, angelica, appelsinskall.;Destillert to ganger.;40;0;Ukjent;;Chivas Brothers;Pernod Ricard Norway AS;Skanlog As;Glass;;http://www.vinmonopolet.no/vareutvalg/varedetaljer/sku-18701;
80;18702;Beefeater London Dry;0,35;192,9;551,14;Gin;Bestillingsutvalget;Uavhengig sortiment;0;0;0;0;0;Vannklar.;Aroma preget av einerbær og litt sitrus.;Middels fyldig og ren gin med tydelig einerbærkarakter.;;;;England;Øvrige;Øvrige;0;Korn, enebær, koriander, angelica, appelsinskall.;Destillert to ganger.;40;0;Ukjent;;Chivas Brothers;Pernod Ricard Norway AS;Skanlog As;Glass;;http://www.vinmonopolet.no/vareutvalg/varedetaljer/sku-18702;
81;19001;Gordon's Special London Dry Gin;0,7;329,9;471,29;Gin;Basisutvalget;Butikkategori 6;0;0;0;0;0;Vannklar.;Aroma med fint preg av einerbær og litt sitrus.;Bløt og ren gin med godt preg av einerbær. Middels fylde.;;;;England;Øvrige;Øvrige;0;Enebær og ca. 14 krydderarter.;;37;0;Ukjent;;Gordon's Dist.;Diageo Norway AS;Skanlog As;Glass;;http://www.vinmonopolet.no/vareutvalg/varedetaljer/sku-19001;
82;19002;Gordon's Special London Dry Gin;0,35;194,9;556,86;Gin;Bestillingsutvalget;Uavhengig sortiment;0;0;0;0;0;Vannklar.;Aroma med fint preg av einerbær og litt sitrus.;Bløt og ren gin med godt preg av einerbær. Middels fylde.;;;;England;Øvrige;Øvrige;0;Enebær og ca. 14 krydderarter.;Opplysninger er ikke gitt av produsent /leverandør.Opplysninger er ikkegitt av produsent /leverandør.;37;0;Ukjent;;Gordon's Dist.;Diageo Norway AS;Skanlog As;Glass;;http://www.vinmonopolet.no/vareutvalg/varedetaljer/sku-19002;
83;19604;Angostura;0,2;209,9;1049,5;Bitter;Bestillingsutvalget;Uavhengig sortiment;0;0;0;0;0;Gyllen brun.;Duft av urter og krydder.;Smak av urter og krydder.;;;;Trinidad,Tobago;Øvrige;Øvrige;0;Urter og krydder.;;44;8;Ukjent;;Angostura;Cork Wines & Spirits AS;Cuveco AS;Glass;;http://www.vinmonopolet.no/vareutvalg/varedetaljer/sku-19604;
84;19701;Gammel Dansk Bitter Dram;0,7;399,9;571,29;Bitter;Basisutvalget;Butikkategori 2;0;0;0;0;0;Middels dyp rødbrun.;Urtepreget aroma med innslag av lakris, mynte, sitrus og blomst.;Bitter med middels fylde, ørlite sødme og markant bitter og krydret ettersmak.;Aperitiff/avec;;;Danmark;Øvrige;;0;Urter og krydder;Krydder og urter går gjennom maserasjon- og destillasjonsprosesser.;38;5;Ukjent;;Arcus Denmark, Danske Spritfab;Arcus Norway AS;Vectura AS;Glass;Naturkork;http://www.vinmonopolet.no/vareutvalg/varedetaljer/sku-19701;
85;19702;Gammel Dansk Bitter Dram;0,35;214,9;614;Bitter;Bestillingsutvalget;Uavhengig sortiment;0;0;0;0;0;Middels dyp rødbrun;Urtepreget aroma med innslag av lakris, mynte, sitrus og blomst;Bitter med middels fylde, ørlite sødme og markant bitter og krydret ettersmak;Aperitiff/avec;;;Danmark;Øvrige;;0;Urter og krydder;;38;5;Ukjent;;Arcus Denmark, Danske Spritfab;Arcus Norway AS;Vectura AS;Glass;Naturkork;http://www.vinmonopolet.no/vareutvalg/varedetaljer/sku-19702;
86;19704;Gammel Dansk Bitter Dram;0,2;149,9;749,5;Bitter;Bestillingsutvalget;Uavhengig sortiment;0;0;0;0;0;Middels dyp rødbrun;Urtepreget aroma med innslag av lakris, mynte, sitrus og blomst;Bitter med middels fylde, ørlite sødme og markant bitter og krydret ettersmak;Aperitiff/avec;;;Danmark;Øvrige;;0;29 forskjellige urter og krydder;Krydder og urter går gjennom maserasjon- og destillasjonsprosesser;38;5;Ukjent;;Arcus Denmark, Danske Spritfab;Arcus Norway AS;Vectura AS;Plastemballasje;Skrukapsel;http://www.vinmonopolet.no/vareutvalg/varedetaljer/sku-19704;
87;20001;Jägermeister;0,7;399,9;571,29;Bitter;Basisutvalget;Butikkategori 1;0;0;0;0;0;Dyp brungul.;Sammensatt aroma av varme kryddere, anis og urter.;Søt bitter med middels fylde. Ettersmak med god bitterhet og lengde.;;;;Tyskland;Øvrige;;0;Brennevin, urter og krydder;;35;139;Ukjent;;Mast-Jägermeister;Robert Prizelius AS;Vectura AS;Glass;;http://www.vinmonopolet.no/vareutvalg/varedetaljer/sku-20001;
88;20002;Jägermeister;0,35;199,9;571,14;Bitter;Basisutvalget;Butikkategori 1;0;0;0;0;0;Dyp brungul.;Sammensatt aroma av varme kryddere, anis og urter.;Søt bitter med middels fylde. Ettersmak med god bitterhet og lengde.;;;;Tyskland;Øvrige;;0;Brennevin, urter og krydder;;35;139;Ukjent;;Mast-Jägermeister;Robert Prizelius AS;Vectura AS;Glass;;http://www.vinmonopolet.no/vareutvalg/varedetaljer/sku-20002;
89;20003;Jägermeister;0,1;86,9;869;Bitter;Basisutvalget;Butikkategori 1;0;0;0;0;0;Dyp brungul.;Sammensatt aroma av varme kryddere, anis og urter.;Søt bitter med middels fylde. Ettersmak med god bitterhet og lengde.;;;;Tyskland;Øvrige;;0;Brennevin, urter og krydder;;35;139;Ukjent;;Mast-Jägermeister;Robert Prizelius AS;Vectura AS;Glass;;http://www.vinmonopolet.no/vareutvalg/varedetaljer/sku-20003;
90;20901;Cuervo Especial Reposado Tequila;0,7;359,9;514,14;Fruktbrennevin;Basisutvalget;Butikkategori 5;0;0;0;0;0;Middels dyp strågul.;Aroma preget av grønne urter, vanilje og litt røyk.;Tequila med god fylde og godt preg av urter og røyk, streif av vanilje.;;;;Mexico;Øvrige;Øvrige;0;Liljeplanten Agave.;;38;2;Ukjent;;José Cuervo;Engelstad Spirits AS;Cuveco AS;Glass;;http://www.vinmonopolet.no/vareutvalg/varedetaljer/sku-20901;
91;21601;Martini Rosso;1;199,9;199,9;Vermut;Basisutvalget;Butikkategori 2;0;0;0;0;0;Middels dyp rødbrun.;Krydret aroma med innslag av sitrus og litt karamell.;Søt vermut med middels fylde og tydelig krydderpreg. Bitter ettersmak.;;;;Italia;Øvrige;Øvrige;0;Hvitvin, sukker, naturlige aromatiske ekstrakter;Tradisjonell produksjonsmetode.;15;153;4,5;;Martini & Rossi;Bacardi Norge AS;Vectura AS;Glass;Skrukapsel;http://www.vinmonopolet.no/vareutvalg/varedetaljer/sku-21601;
92;21602;Martini Rosso;0,5;109,9;219,8;Vermut;Basisutvalget;Butikkategori 6;0;0;0;0;0;Middels dyp rødbrun.;Krydret aroma med innslag av sitrus og litt karamell.;øt vermut med middels fylde og tydelig krydderpreg. Bitter ettersmak.;;;;Italia;Øvrige;Øvrige;0;Hvitvin, sukker, naturlige aromatiske ekstrakter;Tradisjonell produksjonsmetode.;15;153;4,5;;Martini & Rossi;Bacardi Norge AS;Vectura AS;Glass;Skrukapsel;http://www.vinmonopolet.no/vareutvalg/varedetaljer/sku-21602;
93;21701;Martini Bianco;1;199,9;199,9;Vermut;Basisutvalget;Butikkategori 1;0;0;0;0;0;Lys strågul.;Krydderpreget aroma med innslag av vanilje og kanel.;Søt vermut med middels fylde og innslag av kanel, vanilje og litt malurt.;;;;Italia;Øvrige;Øvrige;0;Hvitvin, sukker, sprit, aromatiske ekstrakter;Tradisjonell produksjonsmetode.;15;168;4,5;;Martini & Rossi;Bacardi Norge AS;Vectura AS;Glass;Skrukapsel;http://www.vinmonopolet.no/vareutvalg/varedetaljer/sku-21701;
94;21702;Martini Bianco;0,5;109,9;219,8;Vermut;Basisutvalget;Butikkategori 3;0;0;0;0;0;Lys strågul.;Krydderpreget aroma med innslag av vanilje og kanel.;Søt vermut med middels fylde og innslag av kanel, vanilje og litt malurt.;;;;Italia;Øvrige;Øvrige;0;Hvitvin, sukker, sprit, aromatiske ekstrakter;Tradisjonell produksjonsmetode.;15;168;4,5;;Martini & Rossi;Bacardi Norge AS;Vectura AS;Glass;Skrukapsel;http://www.vinmonopolet.no/vareutvalg/varedetaljer/sku-21702;
95;23201;Martini Extra Dry;1;199,9;199,9;Vermut;Basisutvalget;Butikkategori 3;5;0;0;0;3;Lys grønngul.;Sammensatt aroma av krydder, litt urter og sitrus.;Vermut med godt krydder- og urtepreg, ørlite sødme og tydelig bitter ettersmak.;;;;Italia;Øvrige;Øvrige;0;Hvitvin, sukker, naturlige aromatiske ekstrakter;Tradisjonell produksjonsmetode.;15;26;4,5;;Martini & Rossi;Bacardi Norge AS;Vectura AS;Glass;Skrukapsel;http://www.vinmonopolet.no/vareutvalg/varedetaljer/sku-23201;
96;23801;Curaçao Napoléon Liqueur à l'Orange;0,7;319,9;457;Likør;Basisutvalget;Butikkategori 5;0;0;0;0;0;Middels dyp gul.;Aroma preget av sitrus og urter.;Søt og lett krydderpreget med innslag av sitrus, litt fat og karamell. God fylde.;;;;Frankrike;Øvrige;Øvrige;0;Alkohol, sukker, vann, aroma. Farge - Karamell E 150;;40;280;Ukjent;;Cazanove;Vinetum AS;Skanlog As;Glass;Skrukapsel;http://www.vinmonopolet.no/vareutvalg/varedetaljer/sku-23801;
97;24101;Cointreau;0,7;404,9;578,43;Likør;Basisutvalget;Butikkategori 1;0;0;0;0;0;Vannklar.;Aroma med fint preg av appelsin og urter.;Likør med preg av sitrus og urter. Søt.;;;;Frankrike;Øvrige;Øvrige;0;;;40;234;Ukjent;;Cointreau;Robert Prizelius AS;Vectura AS;Glass;;http://www.vinmonopolet.no/vareutvalg/varedetaljer/sku-24101;
98;24102;Cointreau;0,35;214,9;614;Likør;Basisutvalget;Butikkategori 5;0;0;0;0;0;Vannklar.;Aroma med fint preg av appelsin og urter.;Likør med preg av sitrus og urter. Søt.;;;;Frankrike;Øvrige;Øvrige;0;;;40;234;Ukjent;;Cointreau;Robert Prizelius AS;Vectura AS;Glass;;http://www.vinmonopolet.no/vareutvalg/varedetaljer/sku-24102;
99;24103;Cointreau;0,05;69,9;1398;Likør;Bestillingsutvalget;Uavhengig sortiment;0;0;0;0;0;Vannklar.;Aroma med fint preg av appelsin og urter.;Likør med preg av sitrus og urter. Søt.;;;;Frankrike;Øvrige;;0;;;40;234;Ukjent;;Cointreau;Robert Prizelius AS;Vectura AS;Glass;;http://www.vinmonopolet.no/vareutvalg/varedetaljer/sku-24103;
